split,class,wnid,file
навчання,собака,n02102040,ILSVRC2012_val_00014125.JPEG
навчання,собака,n02102040,n02102040_1036.JPEG
навчання,собака,n02102040,n02102040_1115.JPEG
навчання,собака,n02102040,n02102040_1136.JPEG
навчання,собака,n02102040,n02102040_1154.JPEG
навчання,собака,n02102040,n02102040_1187.JPEG
навчання,собака,n02102040,n02102040_1234.JPEG
навчання,собака,n02102040,n02102040_1277.JPEG
навчання,собака,n02102040,n02102040_1286.JPEG
навчання,собака,n02102040,n02102040_1388.JPEG
навчання,собака,n02102040,n02102040_173.JPEG
навчання,собака,n02102040,n02102040_1855.JPEG
навчання,собака,n02102040,n02102040_1959.JPEG
навчання,собака,n02102040,n02102040_1963.JPEG
навчання,собака,n02102040,n02102040_2149.JPEG
навчання,собака,n02102040,n02102040_2329.JPEG
навчання,собака,n02102040,n02102040_2737.JPEG
навчання,собака,n02102040,n02102040_2993.JPEG
навчання,собака,n02102040,n02102040_3065.JPEG
навчання,собака,n02102040,n02102040_3209.JPEG
навчання,собака,n02102040,n02102040_3324.JPEG
навчання,собака,n02102040,n02102040_3355.JPEG
навчання,собака,n02102040,n02102040_3777.JPEG
навчання,собака,n02102040,n02102040_3843.JPEG
навчання,собака,n02102040,n02102040_4228.JPEG
навчання,собака,n02102040,n02102040_468.JPEG
навчання,собака,n02102040,n02102040_484.JPEG
навчання,собака,n02102040,n02102040_4979.JPEG
навчання,собака,n02102040,n02102040_516.JPEG
навчання,собака,n02102040,n02102040_5408.JPEG
навчання,собака,n02102040,n02102040_603.JPEG
навчання,собака,n02102040,n02102040_6248.JPEG
навчання,собака,n02102040,n02102040_7159.JPEG
навчання,собака,n02102040,n02102040_7168.JPEG
навчання,собака,n02102040,n02102040_74.JPEG
навчання,собака,n02102040,n02102040_7465.JPEG
навчання,собака,n02102040,n02102040_855.JPEG
навчання,собака,n02102040,n02102040_918.JPEG
навчання,собака,n02102040,n02102040_993.JPEG
навчання,собака,n02102040,n02102040_994.JPEG
навчання,церква,n03028079,ILSVRC2012_val_00016873.JPEG
навчання,церква,n03028079,n03028079_10425.JPEG
навчання,церква,n03028079,n03028079_105115.JPEG
навчання,церква,n03028079,n03028079_10647.JPEG
навчання,церква,n03028079,n03028079_11886.JPEG
навчання,церква,n03028079,n03028079_14003.JPEG
навчання,церква,n03028079,n03028079_14719.JPEG
навчання,церква,n03028079,n03028079_14856.JPEG
навчання,церква,n03028079,n03028079_16547.JPEG
навчання,церква,n03028079,n03028079_167.JPEG
навчання,церква,n03028079,n03028079_17175.JPEG
навчання,церква,n03028079,n03028079_1738.JPEG
навчання,церква,n03028079,n03028079_1765.JPEG
навчання,церква,n03028079,n03028079_18558.JPEG
навчання,церква,n03028079,n03028079_20248.JPEG
навчання,церква,n03028079,n03028079_22628.JPEG
навчання,церква,n03028079,n03028079_2264.JPEG
навчання,церква,n03028079,n03028079_25995.JPEG
навчання,церква,n03028079,n03028079_26457.JPEG
навчання,церква,n03028079,n03028079_27153.JPEG
навчання,церква,n03028079,n03028079_27253.JPEG
навчання,церква,n03028079,n03028079_31287.JPEG
навчання,церква,n03028079,n03028079_31995.JPEG
навчання,церква,n03028079,n03028079_3616.JPEG
навчання,церква,n03028079,n03028079_3633.JPEG
навчання,церква,n03028079,n03028079_3956.JPEG
навчання,церква,n03028079,n03028079_40458.JPEG
навчання,церква,n03028079,n03028079_41135.JPEG
навчання,церква,n03028079,n03028079_419.JPEG
навчання,церква,n03028079,n03028079_484.JPEG
навчання,церква,n03028079,n03028079_53715.JPEG
навчання,церква,n03028079,n03028079_53886.JPEG
навчання,церква,n03028079,n03028079_55804.JPEG
навчання,церква,n03028079,n03028079_5725.JPEG
навчання,церква,n03028079,n03028079_6646.JPEG
навчання,церква,n03028079,n03028079_7077.JPEG
навчання,церква,n03028079,n03028079_7714.JPEG
навчання,церква,n03028079,n03028079_773.JPEG
навчання,церква,n03028079,n03028079_77417.JPEG
навчання,церква,n03028079,n03028079_9227.JPEG
навчання,сміттєвоз,n03417042,ILSVRC2012_val_00021253.JPEG
навчання,сміттєвоз,n03417042,ILSVRC2012_val_00043909.JPEG
навчання,сміттєвоз,n03417042,n03417042_10176.JPEG
навчання,сміттєвоз,n03417042,n03417042_10289.JPEG
навчання,сміттєвоз,n03417042,n03417042_11048.JPEG
навчання,сміттєвоз,n03417042,n03417042_1149.JPEG
навчання,сміттєвоз,n03417042,n03417042_11944.JPEG
навчання,сміттєвоз,n03417042,n03417042_11946.JPEG
навчання,сміттєвоз,n03417042,n03417042_1228.JPEG
навчання,сміттєвоз,n03417042,n03417042_12874.JPEG
навчання,сміттєвоз,n03417042,n03417042_14753.JPEG
навчання,сміттєвоз,n03417042,n03417042_14809.JPEG
навчання,сміттєвоз,n03417042,n03417042_15078.JPEG
навчання,сміттєвоз,n03417042,n03417042_16396.JPEG
навчання,сміттєвоз,n03417042,n03417042_16403.JPEG
навчання,сміттєвоз,n03417042,n03417042_16856.JPEG
навчання,сміттєвоз,n03417042,n03417042_18116.JPEG
навчання,сміттєвоз,n03417042,n03417042_18738.JPEG
навчання,сміттєвоз,n03417042,n03417042_19847.JPEG
навчання,сміттєвоз,n03417042,n03417042_20123.JPEG
навчання,сміттєвоз,n03417042,n03417042_2029.JPEG
навчання,сміттєвоз,n03417042,n03417042_22918.JPEG
навчання,сміттєвоз,n03417042,n03417042_23445.JPEG
навчання,сміттєвоз,n03417042,n03417042_23888.JPEG
навчання,сміттєвоз,n03417042,n03417042_2478.JPEG
навчання,сміттєвоз,n03417042,n03417042_27014.JPEG
навчання,сміттєвоз,n03417042,n03417042_27486.JPEG
навчання,сміттєвоз,n03417042,n03417042_27546.JPEG
навчання,сміттєвоз,n03417042,n03417042_29303.JPEG
навчання,сміттєвоз,n03417042,n03417042_3508.JPEG
навчання,сміттєвоз,n03417042,n03417042_4288.JPEG
навчання,сміттєвоз,n03417042,n03417042_5396.JPEG
навчання,сміттєвоз,n03417042,n03417042_5843.JPEG
навчання,сміттєвоз,n03417042,n03417042_6228.JPEG
навчання,сміттєвоз,n03417042,n03417042_6235.JPEG
навчання,сміттєвоз,n03417042,n03417042_6809.JPEG
навчання,сміттєвоз,n03417042,n03417042_7047.JPEG
навчання,сміттєвоз,n03417042,n03417042_8295.JPEG
навчання,сміттєвоз,n03417042,n03417042_8367.JPEG
навчання,сміттєвоз,n03417042,n03417042_8634.JPEG
навчання,парашут,n03888257,ILSVRC2012_val_00007616.JPEG
навчання,парашут,n03888257,n03888257_11237.JPEG
навчання,парашут,n03888257,n03888257_11477.JPEG
навчання,парашут,n03888257,n03888257_11494.JPEG
навчання,парашут,n03888257,n03888257_12165.JPEG
навчання,парашут,n03888257,n03888257_12323.JPEG
навчання,парашут,n03888257,n03888257_12517.JPEG
навчання,парашут,n03888257,n03888257_12593.JPEG
навчання,парашут,n03888257,n03888257_12883.JPEG
навчання,парашут,n03888257,n03888257_1496.JPEG
навчання,парашут,n03888257,n03888257_1586.JPEG
навчання,парашут,n03888257,n03888257_15948.JPEG
навчання,парашут,n03888257,n03888257_17004.JPEG
навчання,парашут,n03888257,n03888257_17585.JPEG
навчання,парашут,n03888257,n03888257_18356.JPEG
навчання,парашут,n03888257,n03888257_1876.JPEG
навчання,парашут,n03888257,n03888257_19494.JPEG
навчання,парашут,n03888257,n03888257_19499.JPEG
навчання,парашут,n03888257,n03888257_21027.JPEG
навчання,парашут,n03888257,n03888257_26785.JPEG
навчання,парашут,n03888257,n03888257_27166.JPEG
навчання,парашут,n03888257,n03888257_29569.JPEG
навчання,парашут,n03888257,n03888257_30723.JPEG
навчання,парашут,n03888257,n03888257_33204.JPEG
навчання,парашут,n03888257,n03888257_34023.JPEG
навчання,парашут,n03888257,n03888257_3669.JPEG
навчання,парашут,n03888257,n03888257_39168.JPEG
навчання,парашут,n03888257,n03888257_3929.JPEG
навчання,парашут,n03888257,n03888257_4117.JPEG
навчання,парашут,n03888257,n03888257_5599.JPEG
навчання,парашут,n03888257,n03888257_5799.JPEG
навчання,парашут,n03888257,n03888257_6358.JPEG
навчання,парашут,n03888257,n03888257_64147.JPEG
навчання,парашут,n03888257,n03888257_6503.JPEG
навчання,парашут,n03888257,n03888257_66927.JPEG
навчання,парашут,n03888257,n03888257_71256.JPEG
навчання,парашут,n03888257,n03888257_75495.JPEG
навчання,парашут,n03888257,n03888257_8225.JPEG
навчання,парашут,n03888257,n03888257_9403.JPEG
навчання,парашут,n03888257,n03888257_9488.JPEG
доповнення,собака,n02102040,n02102040_1027.JPEG
доповнення,собака,n02102040,n02102040_1147.JPEG
доповнення,собака,n02102040,n02102040_1264.JPEG
доповнення,собака,n02102040,n02102040_1479.JPEG
доповнення,собака,n02102040,n02102040_1486.JPEG
доповнення,собака,n02102040,n02102040_189.JPEG
доповнення,собака,n02102040,n02102040_2048.JPEG
доповнення,собака,n02102040,n02102040_228.JPEG
доповнення,собака,n02102040,n02102040_2317.JPEG
доповнення,собака,n02102040,n02102040_2583.JPEG
доповнення,собака,n02102040,n02102040_2698.JPEG
доповнення,собака,n02102040,n02102040_2799.JPEG
доповнення,собака,n02102040,n02102040_2825.JPEG
доповнення,собака,n02102040,n02102040_297.JPEG
доповнення,собака,n02102040,n02102040_3045.JPEG
доповнення,собака,n02102040,n02102040_3258.JPEG
доповнення,собака,n02102040,n02102040_334.JPEG
доповнення,собака,n02102040,n02102040_338.JPEG
доповнення,собака,n02102040,n02102040_3767.JPEG
доповнення,собака,n02102040,n02102040_388.JPEG
доповнення,собака,n02102040,n02102040_3953.JPEG
доповнення,собака,n02102040,n02102040_398.JPEG
доповнення,собака,n02102040,n02102040_4957.JPEG
доповнення,собака,n02102040,n02102040_5057.JPEG
доповнення,собака,n02102040,n02102040_5405.JPEG
доповнення,собака,n02102040,n02102040_5488.JPEG
доповнення,собака,n02102040,n02102040_5584.JPEG
доповнення,собака,n02102040,n02102040_5909.JPEG
доповнення,собака,n02102040,n02102040_6388.JPEG
доповнення,собака,n02102040,n02102040_6738.JPEG
доповнення,собака,n02102040,n02102040_7124.JPEG
доповнення,собака,n02102040,n02102040_7188.JPEG
доповнення,собака,n02102040,n02102040_738.JPEG
доповнення,собака,n02102040,n02102040_7554.JPEG
доповнення,собака,n02102040,n02102040_7569.JPEG
доповнення,собака,n02102040,n02102040_7603.JPEG
доповнення,собака,n02102040,n02102040_78.JPEG
доповнення,собака,n02102040,n02102040_7974.JPEG
доповнення,собака,n02102040,n02102040_8207.JPEG
доповнення,собака,n02102040,n02102040_99.JPEG
доповнення,церква,n03028079,n03028079_10494.JPEG
доповнення,церква,n03028079,n03028079_113895.JPEG
доповнення,церква,n03028079,n03028079_1205.JPEG
доповнення,церква,n03028079,n03028079_12183.JPEG
доповнення,церква,n03028079,n03028079_15909.JPEG
доповнення,церква,n03028079,n03028079_16083.JPEG
доповнення,церква,n03028079,n03028079_18085.JPEG
доповнення,церква,n03028079,n03028079_20186.JPEG
доповнення,церква,n03028079,n03028079_20538.JPEG
доповнення,церква,n03028079,n03028079_21044.JPEG
доповнення,церква,n03028079,n03028079_2526.JPEG
доповнення,церква,n03028079,n03028079_25708.JPEG
доповнення,церква,n03028079,n03028079_25989.JPEG
доповнення,церква,n03028079,n03028079_26688.JPEG
доповнення,церква,n03028079,n03028079_26694.JPEG
доповнення,церква,n03028079,n03028079_27106.JPEG
доповнення,церква,n03028079,n03028079_27833.JPEG
доповнення,церква,n03028079,n03028079_27905.JPEG
доповнення,церква,n03028079,n03028079_29019.JPEG
доповнення,церква,n03028079,n03028079_29983.JPEG
доповнення,церква,n03028079,n03028079_30345.JPEG
доповнення,церква,n03028079,n03028079_32056.JPEG
доповнення,церква,n03028079,n03028079_3254.JPEG
доповнення,церква,n03028079,n03028079_3839.JPEG
доповнення,церква,n03028079,n03028079_39103.JPEG
доповнення,церква,n03028079,n03028079_5545.JPEG
доповнення,церква,n03028079,n03028079_6003.JPEG
доповнення,церква,n03028079,n03028079_62187.JPEG
доповнення,церква,n03028079,n03028079_66674.JPEG
доповнення,церква,n03028079,n03028079_7287.JPEG
доповнення,церква,n03028079,n03028079_7535.JPEG
доповнення,церква,n03028079,n03028079_76476.JPEG
доповнення,церква,n03028079,n03028079_9096.JPEG
доповнення,церква,n03028079,n03028079_9099.JPEG
доповнення,церква,n03028079,n03028079_9127.JPEG
доповнення,церква,n03028079,n03028079_9176.JPEG
доповнення,церква,n03028079,n03028079_9256.JPEG
доповнення,церква,n03028079,n03028079_9623.JPEG
доповнення,церква,n03028079,n03028079_9677.JPEG
доповнення,церква,n03028079,n03028079_99415.JPEG
доповнення,сміттєвоз,n03417042,n03417042_10033.JPEG
доповнення,сміттєвоз,n03417042,n03417042_10099.JPEG
доповнення,сміттєвоз,n03417042,n03417042_10717.JPEG
доповнення,сміттєвоз,n03417042,n03417042_118.JPEG
доповнення,сміттєвоз,n03417042,n03417042_11883.JPEG
доповнення,сміттєвоз,n03417042,n03417042_12297.JPEG
доповнення,сміттєвоз,n03417042,n03417042_1344.JPEG
доповнення,сміттєвоз,n03417042,n03417042_15908.JPEG
доповнення,сміттєвоз,n03417042,n03417042_15913.JPEG
доповнення,сміттєвоз,n03417042,n03417042_1668.JPEG
доповнення,сміттєвоз,n03417042,n03417042_1718.JPEG
доповнення,сміттєвоз,n03417042,n03417042_17916.JPEG
доповнення,сміттєвоз,n03417042,n03417042_18237.JPEG
доповнення,сміттєвоз,n03417042,n03417042_18898.JPEG
доповнення,сміттєвоз,n03417042,n03417042_21205.JPEG
доповнення,сміттєвоз,n03417042,n03417042_2137.JPEG
доповнення,сміттєвоз,n03417042,n03417042_2164.JPEG
доповнення,сміттєвоз,n03417042,n03417042_229.JPEG
доповнення,сміттєвоз,n03417042,n03417042_23468.JPEG
доповнення,сміттєвоз,n03417042,n03417042_2374.JPEG
доповнення,сміттєвоз,n03417042,n03417042_2386.JPEG
доповнення,сміттєвоз,n03417042,n03417042_25688.JPEG
доповнення,сміттєвоз,n03417042,n03417042_2654.JPEG
доповнення,сміттєвоз,n03417042,n03417042_26713.JPEG
доповнення,сміттєвоз,n03417042,n03417042_27586.JPEG
доповнення,сміттєвоз,n03417042,n03417042_28747.JPEG
доповнення,сміттєвоз,n03417042,n03417042_3057.JPEG
доповнення,сміттєвоз,n03417042,n03417042_3857.JPEG
доповнення,сміттєвоз,n03417042,n03417042_4655.JPEG
доповнення,сміттєвоз,n03417042,n03417042_4675.JPEG
доповнення,сміттєвоз,n03417042,n03417042_5824.JPEG
доповнення,сміттєвоз,n03417042,n03417042_6213.JPEG
доповнення,сміттєвоз,n03417042,n03417042_6358.JPEG
доповнення,сміттєвоз,n03417042,n03417042_7209.JPEG
доповнення,сміттєвоз,n03417042,n03417042_757.JPEG
доповнення,сміттєвоз,n03417042,n03417042_7849.JPEG
доповнення,сміттєвоз,n03417042,n03417042_8928.JPEG
доповнення,сміттєвоз,n03417042,n03417042_9128.JPEG
доповнення,сміттєвоз,n03417042,n03417042_9935.JPEG
доповнення,сміттєвоз,n03417042,n03417042_9969.JPEG
доповнення,парашут,n03888257,ILSVRC2012_val_00026575.JPEG
доповнення,парашут,n03888257,ILSVRC2012_val_00041925.JPEG
доповнення,парашут,n03888257,n03888257_10068.JPEG
доповнення,парашут,n03888257,n03888257_1097.JPEG
доповнення,парашут,n03888257,n03888257_11699.JPEG
доповнення,парашут,n03888257,n03888257_12247.JPEG
доповнення,парашут,n03888257,n03888257_13224.JPEG
доповнення,парашут,n03888257,n03888257_15234.JPEG
доповнення,парашут,n03888257,n03888257_16299.JPEG
доповнення,парашут,n03888257,n03888257_17063.JPEG
доповнення,парашут,n03888257,n03888257_17133.JPEG
доповнення,парашут,n03888257,n03888257_17143.JPEG
доповнення,парашут,n03888257,n03888257_18267.JPEG
доповнення,парашут,n03888257,n03888257_19139.JPEG
доповнення,парашут,n03888257,n03888257_20684.JPEG
доповнення,парашут,n03888257,n03888257_20989.JPEG
доповнення,парашут,n03888257,n03888257_21227.JPEG
доповнення,парашут,n03888257,n03888257_23069.JPEG
доповнення,парашут,n03888257,n03888257_23815.JPEG
доповнення,парашут,n03888257,n03888257_23868.JPEG
доповнення,парашут,n03888257,n03888257_28095.JPEG
доповнення,парашут,n03888257,n03888257_28238.JPEG
доповнення,парашут,n03888257,n03888257_30394.JPEG
доповнення,парашут,n03888257,n03888257_36118.JPEG
доповнення,парашут,n03888257,n03888257_36506.JPEG
доповнення,парашут,n03888257,n03888257_38438.JPEG
доповнення,парашут,n03888257,n03888257_3875.JPEG
доповнення,парашут,n03888257,n03888257_43178.JPEG
доповнення,парашут,n03888257,n03888257_44925.JPEG
доповнення,парашут,n03888257,n03888257_46943.JPEG
доповнення,парашут,n03888257,n03888257_48.JPEG
доповнення,парашут,n03888257,n03888257_49674.JPEG
доповнення,парашут,n03888257,n03888257_548.JPEG
доповнення,парашут,n03888257,n03888257_5653.JPEG
доповнення,парашут,n03888257,n03888257_6059.JPEG
доповнення,парашут,n03888257,n03888257_64605.JPEG
доповнення,парашут,n03888257,n03888257_68618.JPEG
доповнення,парашут,n03888257,n03888257_7474.JPEG
доповнення,парашут,n03888257,n03888257_9408.JPEG
доповнення,парашут,n03888257,n03888257_9785.JPEG
перевірка,собака,n02102040,ILSVRC2012_val_00037182.JPEG
перевірка,собака,n02102040,n02102040_2082.JPEG
перевірка,собака,n02102040,n02102040_4272.JPEG
перевірка,собака,n02102040,n02102040_4410.JPEG
перевірка,собака,n02102040,n02102040_491.JPEG
перевірка,собака,n02102040,n02102040_5580.JPEG
перевірка,собака,n02102040,n02102040_5871.JPEG
перевірка,собака,n02102040,n02102040_6060.JPEG
перевірка,собака,n02102040,n02102040_7091.JPEG
перевірка,собака,n02102040,n02102040_8392.JPEG
перевірка,церква,n03028079,n03028079_16820.JPEG
перевірка,церква,n03028079,n03028079_25391.JPEG
перевірка,церква,n03028079,n03028079_3670.JPEG
перевірка,церква,n03028079,n03028079_4612.JPEG
перевірка,церква,n03028079,n03028079_4661.JPEG
перевірка,церква,n03028079,n03028079_59261.JPEG
перевірка,церква,n03028079,n03028079_7171.JPEG
перевірка,церква,n03028079,n03028079_74100.JPEG
перевірка,церква,n03028079,n03028079_8161.JPEG
перевірка,церква,n03028079,n03028079_8382.JPEG
перевірка,сміттєвоз,n03417042,n03417042_10752.JPEG
перевірка,сміттєвоз,n03417042,n03417042_14000.JPEG
перевірка,сміттєвоз,n03417042,n03417042_14690.JPEG
перевірка,сміттєвоз,n03417042,n03417042_2231.JPEG
перевірка,сміттєвоз,n03417042,n03417042_2241.JPEG
перевірка,сміттєвоз,n03417042,n03417042_6602.JPEG
перевірка,сміттєвоз,n03417042,n03417042_7191.JPEG
перевірка,сміттєвоз,n03417042,n03417042_8361.JPEG
перевірка,сміттєвоз,n03417042,n03417042_9021.JPEG
перевірка,сміттєвоз,n03417042,n03417042_9620.JPEG
перевірка,парашут,n03888257,ILSVRC2012_val_00038942.JPEG
перевірка,парашут,n03888257,n03888257_11912.JPEG
перевірка,парашут,n03888257,n03888257_1222.JPEG
перевірка,парашут,n03888257,n03888257_17340.JPEG
перевірка,парашут,n03888257,n03888257_19921.JPEG
перевірка,парашут,n03888257,n03888257_21201.JPEG
перевірка,парашут,n03888257,n03888257_26931.JPEG
перевірка,парашут,n03888257,n03888257_34280.JPEG
перевірка,парашут,n03888257,n03888257_7130.JPEG
перевірка,парашут,n03888257,n03888257_8080.JPEG
